[
	{
		"condition": "minecraft:entity_properties",
		"entity": "this",
		"predicate": {
			"equipment": {
				"offhand": {
					"count": 1,
					"items": [ "amethyst_shard" ],
					"nbt": "{Tags:[\"xyvyenchant.platinum\"]}"
				},
				"mainhand": { "items": [ "bow" ] }
			}
		}
	},
	{
		"condition": "minecraft:inverted",
		"term": {
			"condition": "minecraft:any_of",
			"terms": [
				{ "condition": "minecraft:entity_properties", "entity": "this",
					"predicate": { "equipment": { "mainhand": { "enchantments": [
						{ "enchantment": "punch" } ] } } } }
			]
		}
	}
]