[
	{
		"condition": "minecraft:entity_properties",
		"entity": "this",
		"predicate": {
			"equipment": {
				"offhand": {
					"count": 1,
					"items": [ "amethyst_shard" ],
					"nbt": "{Tags:[\"xyvyenchant.sunstone\"]}"
				},
				"mainhand": { "tag": "xyvyenchant:armor" }
			}
		}
	},
	{
		"condition": "minecraft:inverted",
		"term": {
			"condition": "minecraft:alternatives",
			"terms": [
				{ "condition": "minecraft:entity_properties", "entity": "this",
					"predicate": { "equipment": { "mainhand": { "enchantments": [
						{ "enchantment": "protection" } ] } } } },
				{ "condition": "minecraft:entity_properties", "entity": "this",
					"predicate": { "equipment": { "mainhand": { "enchantments": [
						{ "enchantment": "fire_protection" } ] } } } },
				{ "condition": "minecraft:entity_properties", "entity": "this",
					"predicate": { "equipment": { "mainhand": { "enchantments": [
						{ "enchantment": "blast_protection" } ] } } } },
				{ "condition": "minecraft:entity_properties", "entity": "this",
					"predicate": { "equipment": { "mainhand": { "enchantments": [
						{ "enchantment": "projectile_protection" } ] } } } }
			]
		}
	}
]