{ "type": "minecraft:block", "pools": [ { "rolls": 1, "entries": [ { "type": "minecraft:group", "children": [

	{ "type": "minecraft:loot_table", "name": "xyvyenchant:gemstone/sunstone" },

	{ "type": "minecraft:loot_table", "name": "xyvyenchant:gemstone/moonstone" },

	{ "type": "minecraft:loot_table", "name": "xyvyenchant:gemstone/bloodstone" },

	{ "type": "minecraft:loot_table", "name": "xyvyenchant:gemstone/jade" },

	{ "type": "minecraft:loot_table", "name": "xyvyenchant:gemstone/platinum" },

	{ "type": "minecraft:loot_table", "name": "xyvyenchant:gemstone/opal" },

	{ "type": "minecraft:loot_table", "name": "xyvyenchant:gemstone/onyx" },

	{ "type": "minecraft:loot_table", "name": "xyvyenchant:gemstone/malachite" }

], "conditions": [ { "condition": "minecraft:entity_properties", "entity": "this",
	"predicate": { "location": { "position": { "y": { "max": 0 } } } } } ] } ] } ] }