{
	"condition": "entity_properties",
	"entity": "this",
	"predicate": {
		"flags": {
			"is_sneaking": true
		},
		"equipment": {
			"offhand": {
				"count": 2,
				"items": [ "amethyst_shard" ],
				"nbt": "{Tags:[\"xyvyenchant.bloodstone\"]}"
			},
			"mainhand": {
				"tag": "xyvyenchant:melee_weapon",
				"enchantments": [ { "enchantment": "sharpness", "levels": 1 } ]
			}
		},
		"player": {
			"looking_at": {
				"nbt": "{Tags:[\"xyvyenchant.station_shulker\"]}",
				"distance": { "absolute": { "max": 3 } }
			}
		}
	}
}