[
	{
		"condition": "entity_properties",
		"entity": "this",
		"predicate": {
			"flags": {
				"is_sneaking": true
			},
			"equipment": {
				"offhand": {
					"count": 1,
					"items": [ "amethyst_shard" ],
					"nbt": "{Tags:[\"xyvyenchant.pearl\"]}"
				},
				"mainhand": { "tag": "xyvyenchant:boots" }
			}
		}
	},
	{
		"condition": "inverted",
		"term": {
			"condition": "alternative",
			"terms": [
				{ "condition": "entity_properties", "entity": "this",
					"predicate": { "equipment": { "mainhand": { "enchantments": [
						{ "enchantment": "feather_falling" } ] } } } }
			]
		}
	}
]