{ "type": "minecraft:generic", "pools": [ { "rolls": 1, "entries": [
	{ "type": "minecraft:item", "name": "minecraft:amethyst_shard", "functions": [
		{ "function": "minecraft:set_nbt", "tag": "{Tags:[\"xyvyenchant.pyrite\"],CustomModelData:9141459}"},
		{ "function": "minecraft:set_name", "name": { "text": "Pyrite", "color": "#655611", "italic": false } },
		{ "function": "minecraft:set_lore", "lore": [
			{ "text": "Easily mistaken for something precious", "color": "#FFAA00", "italic": false } ] } ] } ] } ] }