{	"condition": "minecraft:alternative", "terms": [
	{ "condition": "minecraft:entity_properties", "entity": "this", "predicate": {
		"type": "minecraft:item_frame", "nbt": "{Item:{id:\"minecraft:iron_ore\"}}" } },
	{ "condition": "minecraft:entity_properties", "entity": "this", "predicate": {
		"type": "minecraft:item_frame", "nbt": "{Item:{id:\"minecraft:copper_ore\"}}" } },
	{ "condition": "minecraft:entity_properties", "entity": "this", "predicate": {
		"type": "minecraft:item_frame", "nbt": "{Item:{id:\"minecraft:gold_ore\"}}" } },
	{ "condition": "minecraft:entity_properties", "entity": "this", "predicate": {
		"type": "minecraft:item_frame", "nbt": "{Item:{id:\"minecraft:lapis_ore\"}}" } },
	{ "condition": "minecraft:entity_properties", "entity": "this", "predicate": {
		"type": "minecraft:item_frame", "nbt": "{Item:{id:\"minecraft:redstone_ore\"}}" } },
	{ "condition": "minecraft:entity_properties", "entity": "this", "predicate": {
		"type": "minecraft:item_frame", "nbt": "{Item:{id:\"minecraft:emerald_ore\"}}" } },
	{ "condition": "minecraft:entity_properties", "entity": "this", "predicate": {
		"type": "minecraft:item_frame", "nbt": "{Item:{id:\"minecraft:diamond_ore\"}}" } },
	{ "condition": "minecraft:entity_properties", "entity": "this", "predicate": {
		"type": "minecraft:item_frame", "nbt": "{Item:{id:\"minecraft:deepslate_iron_ore\"}}" } },
	{ "condition": "minecraft:entity_properties", "entity": "this", "predicate": {
		"type": "minecraft:item_frame", "nbt": "{Item:{id:\"minecraft:deepslate_copper_ore\"}}" } },
	{ "condition": "minecraft:entity_properties", "entity": "this", "predicate": {
		"type": "minecraft:item_frame", "nbt": "{Item:{id:\"minecraft:deepslate_gold_ore\"}}" } },
	{ "condition": "minecraft:entity_properties", "entity": "this", "predicate": {
		"type": "minecraft:item_frame", "nbt": "{Item:{id:\"minecraft:deepslate_lapis_ore\"}}" } },
	{ "condition": "minecraft:entity_properties", "entity": "this", "predicate": {
		"type": "minecraft:item_frame", "nbt": "{Item:{id:\"minecraft:deepslate_redstone_ore\"}}" } },
	{ "condition": "minecraft:entity_properties", "entity": "this", "predicate": {
		"type": "minecraft:item_frame", "nbt": "{Item:{id:\"minecraft:deepslate_emerald_ore\"}}" } },
	{ "condition": "minecraft:entity_properties", "entity": "this", "predicate": {
		"type": "minecraft:item_frame", "nbt": "{Item:{id:\"minecraft:deepslate_diamond_ore\"}}" } },
	{ "condition": "minecraft:entity_properties", "entity": "this", "predicate": {
		"type": "minecraft:item_frame", "nbt": "{Item:{id:\"minecraft:obsidian\"}}" } },
	{ "condition": "minecraft:entity_properties", "entity": "this", "predicate": {
		"type": "minecraft:item_frame", "nbt": "{Item:{id:\"minecraft:crying_obsidian\"}}" } },
	{ "condition": "minecraft:entity_properties", "entity": "this", "predicate": {
		"type": "minecraft:item_frame", "nbt": "{Item:{id:\"minecraft:gilded_blackstone\"}}" } } ] }